input,history,output 0,history,flag,username,timestamp
1,,3,,,,2023-02-23 14:50:34.442538
1,,3,,,,2023-02-23 14:50:35.977118
23,,3,,,,2023-02-23 14:54:23.328685
,,,,,,2023-02-23 14:54:25.265201
122,,,,,,2023-02-23 14:54:26.856462
122,,4,,,,2023-02-23 14:54:29.029761
122,,4,,,,2023-02-23 14:54:30.047699
22323,,3,,,,2023-02-23 14:58:52.491493
22323,,4,,,,2023-02-23 14:58:54.190386
22323,,5,,,,2023-02-23 14:58:55.059318
22323,,5,,,,2023-02-23 14:58:56.725654
22323,,6,,,,2023-02-23 14:58:57.488216
22323,,7,,,,2023-02-23 14:58:58.209337
wqweqwe,,3,,,,2023-02-23 15:04:40.549664
qq,,5,,,,2023-02-23 15:04:51.768233
qq,,5,,,,2023-02-23 15:04:52.438062
,,6,,,,2023-02-23 15:05:24.625388
,,6,,,,2023-02-23 15:05:25.082963
sa,,7,,,,2023-02-23 15:05:28.347298
